# our [Mn/H]	error(our [Mn/H])	hires [Mn/H]	error(hires [Mn/H])	separation (arcsec)	Shetrone+03
-4.094954541217039612e-01	1.514738828526336067e-01	-3.499999999999999778e-01	1.140175425099999862e-01	1.770110735878214769e-01	Shetrone+03
