Name	RA	Dec	Temp	log(g)	[Fe/H]	error([Fe/H])	[alpha/Fe]	[Mn/H]	error([Mn/H])	chisq(reduced)
542_112	201.86787385414965	33.53627151921668	4312	0.8468885223070779	-2.1512346627282497	0.0	-0.11415897793064911	-2.1512346627282497	0.1817061441329421	1.2554536685288638
542_188	201.95831127853359	33.527541596183326	4783	1.4874045848846436	-1.9033752769375638	0.0	-0.1719029791334784	-1.8133922972553387	0.27511423596865087	1.037994565748905
542_207	201.98189289343662	33.55681908072331	4305	0.6802423397699991	-2.663941915077323	0.0	0.07931385500908182	-2.8989892815724225	0.2463929623580895	1.9469874965168104
542_209	201.98234728984153	33.54503637677734	4348	0.9435990055402118	-2.038392342768	0.0	-0.02131687395991329	-2.2263481888306798	0.15319896658201038	1.089185466865371
542_216	201.99203283362772	33.55005056047188	4580	1.3714053630828855	-1.9506468167109867	0.0	-0.02767551288858328	-1.7886305825571853	0.19193136364284066	0.8595017420692304
