# our [Mn/H]	error(our [Mn/H])	hires [Mn/H]	error(hires [Mn/H])	separation (arcsec)	North+12
-1.766784824736544746e-01	1.146553834069519717e-01	-2.733901918976545664e-01	8.774964387392121534e-02	3.608660697328786582e-01	North+12
-5.194974195284798313e-01	1.189188004060805076e-01	-2.075257731958762841e-01	9.273618495495704328e-02	1.280372020394244803e-01	North+12
