# our [Mn/H]	error(our [Mn/H])	hires [Mn/H]	error(hires [Mn/H])	separation (arcsec)	North+12
-1.766784824736544746e-01	1.584864340992938048e-01	-2.733901918976545664e-01	2.770542579237660757e-02	3.608660697328786582e-01	North+12
-5.194974195284800533e-01	1.682963430487933176e-01	-2.075257731958762841e-01	3.046038495400857360e-02	1.280372020167973024e-01	North+12
