# our [Mn/H]	error(our [Mn/H])	hires [Mn/H]	error(hires [Mn/H])	separation (arcsec)	source
0.000000000000000000e+00	1.336446035904694518e-01	-5.999999999999999778e-02	1.300000000000000000e-01	5.593323051065185680e+00	Sobeck+06
-3.560504091138474436e-01	1.578675467347079586e-01	-3.099999999999999978e-01	1.300000000000000000e-01	7.582109241823764556e-01	Sobeck+06
