# our [Mn/H]	error(our [Mn/H])	hires [Mn/H]	error(hires [Mn/H])	separation (arcsec)	North+12
-1.766784824736544746e-01	1.146553834069519717e-01	-2.733901918976545664e-01	8.774964387392121534e-02	3.608660697328786582e-01	North+12
-5.194974195284798313e-01	1.189188004060805076e-01	-2.075257731958762841e-01	9.273618495495704328e-02	1.280372020394244803e-01	North+12
-5.319111151811650728e-02	1.043886152285076058e-01	-4.334860444299780680e-01	1.392838827718411998e-01	2.351334328153953102e-01	North+12
-2.443212319573400126e-01	1.605639151170653589e-01	-2.313055339049103765e-01	1.360147050873544428e-01	2.034090708299639916e-06	North+12
3.617883222434248314e-02	2.814673451875649990e-01	-2.156479217603912146e-01	1.964688270438849915e-01	1.999984741436435232e-01	North+12
-1.045577496430134534e-01	2.183672245080459096e-01	-3.934367541766110032e-01	1.819340539866025341e-01	1.235559812155845039e-01	North+12