# our [Mn/H]	error(our [Mn/H])	hires [Mn/H]	error(hires [Mn/H])	separation (arcsec)	North+12
-1.766784824736544746e-01	1.584864340992938048e-01	-2.733901918976545664e-01	2.770542579237660757e-02	3.608660697328786582e-01	North+12
-5.194974195284800533e-01	1.682963430487933176e-01	-2.075257731958762841e-01	3.046038495400857360e-02	1.280372020167973024e-01	North+12
-5.319111151811650728e-02	1.453966572758431108e-01	-4.334860444299780680e-01	4.546448378173795907e-02	2.351334328167428434e-01	North+12
3.617883222434248314e-02	2.991267165416175988e-01	-2.156479217603912146e-01	6.526979928930762287e-02	1.999984741779939068e-01	North+12
-1.045577496430136755e-01	2.453715675253133055e-01	-3.934367541766110032e-01	5.715824034328568365e-02	1.235559812155845039e-01	North+12