# our [Mn/H]	error(our [Mn/H])	hires [Mn/H]	error(hires [Mn/H])	separation (arcsec)	Shetrone+03
-2.443212319573400126e-01	1.605639151170653589e-01	-4.400000000000000022e-01	8.000000000000000167e-02	3.839697994478746823e-01	Shetrone+03
